,id,text,date_created
0,1562894011634819074,"2023: Shun godfatherism, EFCC tells political parties ‚Äî Nigeria ‚Äî The Guardian Nigeria News ‚Äì Nigeria and World News ‚Äì Guardian¬†Nigeria https://t.co/uAn24Rwe3a",2022-08-25 20:05:44+00:00
1,1562887620157251585,"DO YOU AGREE? ‚ÄúFake News Worsening Insecurity In Nigeria‚Äù ‚Äì Lai Mohammed
https://t.co/pDJ0o1nOlV",2022-08-25 19:40:20+00:00
2,1562878146940022784,FACT-CHECKED: The misleading news that 20million tonnes of Gold Reserve worth over USD900trillion discovered in South East states of Nigeria is a deliberate Fake News and already debunked this evening by Anambra State Gov Charles Soludo,2022-08-25 19:02:41+00:00
3,1562870822213419010,APC: North Central geo political zone remains hotbed for political parties in Nigeria https://t.co/GgMILUUmGL,2022-08-25 18:33:35+00:00
4,1562870453567627264,"Now that I have your attention, I‚Äôll tell you how, by exact same process that led you to click on this thread, trusting social media as your main source of information can harm you. Here is the illustration of fake news on social media in Nigeria and its effects during Covid-19",2022-08-25 18:32:07+00:00
5,1562866294961016834,"@drpenking Fake News
Peter Obi is the next President of NIGERIA, inshallah üôèüôèüèªüôèüèº",2022-08-25 18:15:36+00:00
6,1562865318162096131,"Latest Political News In Nigeria For Today, Wednesday, 27th July, 2022 ‚Äì Naija¬†News https://t.co/WIuCBLtvuU",2022-08-25 18:11:43+00:00
7,1562862621463703554,"Welcome to the round-up of the hottest political information in Nigeria, political gist, highlights of political gat...
https://t.co/eUIFwWFjCr",2022-08-25 18:01:00+00:00
8,1562861123833335809,Magnus Abe: 2023 elections will be a watershed in Nigeria‚Äôs political history https://t.co/RsWtvhb2sL,2022-08-25 17:55:03+00:00
9,1562860908514525184,"Latest Political News In Nigeria For Today, Thursday, 25th August,¬†2022 https://t.co/2lw8a7XM4u",2022-08-25 17:54:11+00:00
10,1562855844899090436,APC: North Central geo political zone remains hotbed for political parties in Nigeria https://t.co/bPRVHN1MGu,2022-08-25 17:34:04+00:00
11,1562850324368752641,"Latest Political News In Nigeria For Today, Thursday, 25th August, 2022 https://t.co/tj7pGhKVIQ via @NaijaNews #NaijaNews",2022-08-25 17:12:08+00:00
12,1562850203266297856,"newsbulletinng : Court jails fake Etisalat staff 404 years for cont... https://t.co/vhEAtd5PRs 
#news #Nigeria #fraud #court https://t.co/KfBRtRxEOq",2022-08-25 17:11:39+00:00
13,1562850148085944320,"Latest Political News In Nigeria For Today, Thursday, 25th August,¬†2022 https://t.co/pDS1m7g7vS",2022-08-25 17:11:26+00:00
14,1562848673352282113,"Latest Political News In Nigeria For Today, Thursday, 25th August,¬†2022 https://t.co/QHJBtJei5n",2022-08-25 17:05:34+00:00
15,1562848659259392002,"Latest Political News In Nigeria For Today, Thursday, 25th August,¬†2022 https://t.co/XjwFNPUzZP",2022-08-25 17:05:31+00:00
16,1562848647091408896,"Latest Political News In Nigeria For Today, Thursday, 25th August,¬†2022 https://t.co/ZVRl78urnb",2022-08-25 17:05:28+00:00
17,1562848633707708416,"Latest Political News In Nigeria For Today, Thursday, 25th August,¬†2022 https://t.co/MYpmaZW2sF",2022-08-25 17:05:25+00:00
18,1562843914536566784,@BBCWorld BBC FAKE NEWS I WOUNDER WHO IS STILL LISTENING TO YOUR FAKE NEWS SHAME ON YOU GUYS ! TALK ABOUT YOURS CITIZEN @MNK WHO IS BEEN  KIDNAPPED AND KEPT IN DSS DUNGEON IN NIGERIA REFUSED TO OBEY @UN ORDER TO RELEASE THE INNOCENT MAN,2022-08-25 16:46:40+00:00
19,1562842628583874561,"Adopt issue-based campaigns, Sambo tells candidates, political parties https://t.co/ntTFA3TlHM  #Nigeria #NigeriaNews https://t.co/NZtTQruiWl",2022-08-25 16:41:33+00:00
20,1562840726509334530,"@MaziChukwnonso IPOB members have same trait. Lies,propaganda, hatred,fake news,victim mentality. This didnt even happen in Nigeria and are not INEC cards. Una no de tire?",2022-08-25 16:34:00+00:00
21,1562840223339679745,"@thecableng @DefenceInfoNG Fake fake news, this is Nigeria terrorist government propaganda. Show us the video or the pictures. Nigeria is a demonic state, the terrorist government of Nigeria can never tell anybody the truth.",2022-08-25 16:32:00+00:00
22,1562836843955367936,APC: North Central geo political zone remains hotbed for political parties in Nigeria https://t.co/rek4EmVgLj,2022-08-25 16:18:34+00:00
23,1562833091722620928,"It's time for another intriguing edition of the most sought-after political show.

Join Babajide Otitoju on Journalists' Hangout Live on TVC NEWS to discuss trends and major issues in the country.

Stream via link
https://t.co/DYRAuNkPpS

Don't Miss Out!!!
 
#Nigeria 
#tvcnews https://t.co/Dyr518Hxms",2022-08-25 16:03:39+00:00
24,1562832530792783874,@OvieNews Propaganda fake fake all fake . Not in any news nah only this man Dey access to all news in Nigeria. Believe this fake news at your own perils,2022-08-25 16:01:26+00:00
25,1562828009857376257,2023 election will be watershed in Nigerian political history https://t.co/12GQzt96GK  #Nigeria #NigeriaNews https://t.co/vWuiTVFP1y,2022-08-25 15:43:28+00:00
26,1562827790021705729,Magnus Abe: 2023 elections will be a watershed in Nigeria‚Äôs political history https://t.co/EO64g8I3mA,2022-08-25 15:42:35+00:00
27,1562822655643791360,"@OvieNews thank you for this update that you are giving us....that is where all journalists are failed..just to carry fake news about Nigeria... God Bless You, God Bless Nigeria my love country..",2022-08-25 15:22:11+00:00
28,1562804751481569281,EFCC hands over fake army general‚Äôs forfeited property to victim in¬†Lagos https://t.co/3HqflAW8mL,2022-08-25 14:11:02+00:00
29,1562803855569498113,"Shettima say that Peter Obi lives in Lagos instead of Awka,

This shows that he is a fake news bearer, 

Peter Obi has constantly maintain that he has no house any where in Nigeria except in onitsha,

Why didn't Shettima go and verify ?",2022-08-25 14:07:29+00:00
30,1562802086529486848,"Adopt issue-based campaigns, Sambo tells candidates, political parties https://t.co/q9ZGGhEk4t  #Nigeria #NigeriaNews https://t.co/Fv4QfeUo2k",2022-08-25 14:00:27+00:00
31,1562791950196940800,@DavidHundeyin Concentrate on Nigeria political news and finance (how to make money) den I'll glad watch it,2022-08-25 13:20:10+00:00
32,1562789420641632256,"If you to confirm the authenticity of any information at all about Nigeria or FG,this handles @woye1 &amp; @OvieNews are your üíØ% legit source 
The bursting of fake news from this men helps us alot on this app 
We move https://t.co/BMoUVI9eZP",2022-08-25 13:10:07+00:00
33,1562783285562191873,"@BashirAhmaad Yet, üá≥üá¨ Nigeria is one of Africa's poorest.
Bashir, stop the fake news.",2022-08-25 12:45:45+00:00
34,1562777237338075138,Political uncertainty in Thailand with PM‚Äôs suspension https://t.co/Bq5uBUR20y  #Nigeria #NigeriaNews https://t.co/P5nkuXkgRd,2022-08-25 12:21:43+00:00
35,1562757148940984326,@StellaOgu7 @FrankSkylord @henryshield @officialABAT @atiku @officialABAT is the best for Nigeria leave all this fake news @atiku is worst,2022-08-25 11:01:53+00:00
36,1562752237658484736,PLEASE DISGARD YOURSELF FROM ANY FAKE NEWS FROM THE PITY OF HELL OUR BROTHER MAYOR OF UMUOWA ORLU HAVE COME OUT SAID THAT HE WE NEVER ACCEPT TO BE EBUBEAGU COMANDER BECAUSE HE DON'T PASS THAT LEVEL WHAT HE NEED NOW IS MINISTER SENATOR GORVERNOR OR PRESIDENT OF NIGERIA,2022-08-25 10:42:22+00:00
37,1562750838929469442,@BashirAhmaad Quote from @NBS_Nigeria üòèü§ùfake news meanwhile üôÑ,2022-08-25 10:36:49+00:00
38,1562731897817407489,"#NIGERIANS BEWARE!!! 
@CNN kindly ignore the fake news circulating. @PeterObi has created a new path in playing politics in Nigeria. The enemies of our democracy are terrified that NIGERIANS STAND WITH HIM!!! https://t.co/dM4RjcT0J4",2022-08-25 09:21:33+00:00
39,1562731356106289152,"[OPINION] Interrogating Fake News - Pat Utomi 

#Nigeria #Sporting #AbujaKaduna #Ziyech #MCOluomo #Ajax #UCLdraw #Laycon #ShettimaChallenge #2face #Calabar #OldGRA #DeleAlli #DonJazzy #PiChainMall #Tiwa #Atikulated
https://t.co/cMYlkB6HaU",2022-08-25 09:19:24+00:00
40,1562727516212969472,@PO_GrassRoots @PeterObi Please I beg you in the name of God if this post isn‚Äôt true please don‚Äôt share it we want a better Nigeria not to hate our fellow brothers or make ourselves Enemies please. Fyn I might be voting peter Obi but I‚Äôm not Interested in sharing fake news to make other supporters......,2022-08-25 09:04:08+00:00
41,1562722700073635840,"üá≥üá¨ #Nigeria #Elections2023: Stakeholders call on the #media to beam attention to the marginalization of women in #politicalparties' #primaries. They encourage changing the narrative &amp; focusing on #women-related programmes.

Via @MobilePunch ‚¨áÔ∏è
https://t.co/WsK1UzBdj4",2022-08-25 08:45:00+00:00
42,1562710669140508679,"@MobilePunch Fake country called Nigeria with fake journalist fake News fake government fake president corrupt cereminals, murderers, frudstars wicked and evil people",2022-08-25 07:57:11+00:00
43,1562710393973116928,Sahara reporter always ready to spread bad and fake news about Nigeria army but mute to Nigeria army dealing with the terrorist for weeks now.. Awon werey,2022-08-25 07:56:06+00:00
44,1562704026885447682,"Latest Political News In Nigeria For Today, Wednesday, 24th August, 2022 https://t.co/cffEqfUzyI",2022-08-25 07:30:48+00:00
45,1562702692694106112,"Join us today at  8 p.m. as we discuss the impact of FAKE NEWS in the run-up to the 2023 elections in Nigeria.

#letstalkwithmindset
https://t.co/MSUyAwDMLJ",2022-08-25 07:25:30+00:00
46,1562702645420507137,"YNaija: U.S. to repatriate fresh $23m Abacha loot to Nigeria; Fake news, misinformation is worsening insecurity - Lai Mohammed | 5 Things That Should Matter Today
https://t.co/iJDjOVWy55 via @YNaija",2022-08-25 07:25:18+00:00
47,1562702579033075718,"@UchePOkoye First born add this to it for you to be correct, LP followers are mustly Terrorists and Happy to about any bad news of Nigeria. If we may add this to it Fake news peddler! So we are left with about 16 others ....... Nigerian choose wisely",2022-08-25 07:25:03+00:00
48,1562697658241757185,"@salako_mercy @afolabi_kolajo @RealChrisChukwu Amen, and that includes those who are working hard to destroy Nigeria through fake news",2022-08-25 07:05:29+00:00
49,1562694797923532800,"Watching people on this platform who swear that they want a better and working Nigeria resort to lies, fake news, bullying, etc, makes me laugh. 
They don't really want a better country, they only want their 'person' be in the position of power",2022-08-25 06:54:07+00:00
50,1562678326539325440,"@GazetteNGR But I think that Nigeria military says  they have distroyed there camp , APC government and there terrorist military are deceiving people with fake news , the death Buhari that breed those terrorist has gone and Nigeria is suffering for his wicked heart , he is in hell fire now",2022-08-25 05:48:40+00:00
51,1562673692441976832,Lai Mohammed says Fake news and misinformation are worsening insecurity in¬†Nigeria https://t.co/BVcHWvllF8,2022-08-25 05:30:16+00:00
52,1562594647070781440,"@CollinsUmez @KonceptsKaycee @seunosewa Can a man with stroke with paralyze hand wall alone and have his voice cleared while speaking? Can the international press be blind to such especially while contesting for apex job in Nigeria? Stop being slave of fake news.We understand your fears, BAT 2023 president is ordained",2022-08-25 00:16:10+00:00
53,1562571099598393344,"@fkeyamo please confirm if this is fake news.

God save Nigeria!!!

GOD ABEG OOOOH!!! https://t.co/BVdYA9W9I9",2022-08-24 22:42:35+00:00
54,1562569762487410688,@renoomokri Reno na shameless hustler. See the way he‚Äôs hustling for clicks on YouTube. From fake videos on how to make money to fake news about things happening in Nigeria. We are just ashamed of this man.,2022-08-24 22:37:17+00:00
55,1562542555770003461,@joeljacob202 FAKE NEWS. APC members pretending to be students. We wont allow you pple to deceive Nigeria again like you did with Buhari.,2022-08-24 20:49:10+00:00
56,1562525498139234311,"Latest Political News In Nigeria For Today, Tuesday, 26th July, 2022 ‚Äì Naija¬†News https://t.co/mkR0kwE4gS",2022-08-24 19:41:23+00:00
57,1562503696369389568,@Oliver_Network C'est au Nigeria. Cessez avec les FAKE NEWS.,2022-08-24 18:14:45+00:00
58,1562500206494490625,"Welcome to the spherical-up of the most up-to-date political information in Nigeria, political gist, highlights of p...
https://t.co/KkrbR4da7p",2022-08-24 18:00:53+00:00
59,1562498421117763586,"Latest Political News In Nigeria For Today, Wednesday, 24th August,¬†2022 https://t.co/qCo6GAmIVV",2022-08-24 17:53:48+00:00
60,1562497152873406467,"Imagine this happened in Nigeria.

Purveyors of violence and Fake News would have been extra happy. https://t.co/7Y3zGcI1qw",2022-08-24 17:48:45+00:00
61,1562493745882312704,"One Oloriburuku Obidiot said it was some thugs who disrupted the conference.
Those lots will lie till their dying days. Awon Omo ale. They want a Nigeria that works by spreading lies and promoting fake news. https://t.co/U2Jfuy30eQ",2022-08-24 17:35:13+00:00
62,1562493166695370752,"Nigeria-India should work on security, political, economic ties, says Prez Buhari
#Nigeria #India #latestnews #MuhammaduBuhari #security #political #economic @MBuhari 

https://t.co/TlA5SDxJhl",2022-08-24 17:32:55+00:00
63,1562488735790682112,"Latest Political News In Nigeria For Today, Wednesday, 24th August,¬†2022 https://t.co/4ZIJUgtSc7",2022-08-24 17:15:18+00:00
64,1562488047983546369,"Latest Political News In Nigeria For Today, Wednesday, 24th August,¬†2022 https://t.co/9vg7Mt0849",2022-08-24 17:12:34+00:00
65,1562487348985618432,"Latest Political News In Nigeria For Today, Wednesday, 24th August,¬†2022 https://t.co/7dYy5NWt3d",2022-08-24 17:09:48+00:00
66,1562487157758955526,"Latest Political News In Nigeria For Today, Wednesday, 24th August, 2022 https://t.co/Cb7gObJF4d via @NaijaNews #NaijaNews",2022-08-24 17:09:02+00:00
67,1562487153497497600,"I pray we don't end up using our own hands to destroy Nigeria, a lot of people are hell bent on seeing the downfall of Nigeria, fake news , the others don't want any good news about the country, I just hope we all don't end up walking dead, when we instigate hate and give false",2022-08-24 17:09:01+00:00
68,1562486256394649603,"Latest Political News In Nigeria For Today, Wednesday, 24th August,¬†2022 https://t.co/UrShRqSefH",2022-08-24 17:05:27+00:00
69,1562486240741851137,"Latest Political News In Nigeria For Today, Wednesday, 24th August,¬†2022 https://t.co/BWpmOX0xgP",2022-08-24 17:05:24+00:00
70,1562486227391381504,"Latest Political News In Nigeria For Today, Wednesday, 24th August,¬†2022 https://t.co/jyicyseWUM",2022-08-24 17:05:20+00:00
71,1562486212870668288,"Latest Political News In Nigeria For Today, Wednesday, 24th August,¬†2022 https://t.co/0bkwzmpXWy",2022-08-24 17:05:17+00:00
72,1562459274734751750,Exclusive: Pastor Veronica With The Anointed Vagina Is FAKE News https://t.co/4pIDnCVnUz via @Kokobykhloe_a TV Nigeria | Nigeria News &amp; Breaking Naija News,2022-08-24 15:18:14+00:00
73,1562456143498457088,"The amount of misinformation, false narratives, lies, and fake news that the 3rd-force Twitter Warlords to seek relevance for Likes &amp; Retweets on this cyberspace is quite alarming &amp; need to be cautioned. These are the clowns advocating for good governance &amp; a better Nigeria.",2022-08-24 15:05:48+00:00
74,1562446267573161984,"His rule saw the achievement of several economic feats and also recorded human rights abuses and several political assassinations. He has been dubbed a kleptocrat and a dictator by several modern commentators.

https://t.co/BgOyPbyRjX",2022-08-24 14:26:33+00:00
75,1562438890169851913,"Latest Political News In Nigeria For Today, Tuesday, 23rd August,¬†2022 https://t.co/swugdLVTRV",2022-08-24 13:57:14+00:00
76,1562437458079256578,"What do U lots derive in spreadin lies?

See d way dis Oloriburuku changed twisted d story üôÑ

Which thugs? Thugs in suits &amp; ties? Na God go punish U.

This is part of those shouting ""we want a Nigeria that works"".

A Nigeria that thrives on lies &amp; fake news?
Oloriburuku Omo ale https://t.co/qPBy629e7a",2022-08-24 13:51:33+00:00
77,1562435057565913094,"D funniest thin here isn't even about d certificate thingy, but Obidiots unda dis post taggin it ""fake news"".
These are d same youths who claimed they want a Nigeria that work. If this news was about Oyetola/Sanwo-Olu/Elrufai, dey wud have started a SPACE on it. 'Useless Youths' https://t.co/VSXXkBcouI",2022-08-24 13:42:01+00:00
78,1562427110538776576,"Pls do everything possible Gutterman, to meet the in-coming president of the lie lie club, Nigeria chapter, since u want to meet an incoming president, pls learn how to tell bare lies and fake News from him. https://t.co/dOeDzDpRVy",2022-08-24 13:10:26+00:00
79,1562419148902260736,"@woye1 I hope this is not fake news because i am happy with the meeting......however ,  i know that @woye1 is a very reliable source of genuine information in #Nigeria .",2022-08-24 12:38:48+00:00
80,1562413837856477184,"Meet the man rallying Obidients to tell lies, carry fake news and bully the opposition to threaten the Nigeria nation and upcoming elections. https://t.co/NHCUsTetPm",2022-08-24 12:17:41+00:00
81,1562397886901809152,"Fake news, misinformation fuelling insecurity in Nigeria, says Lai¬†Mohammed https://t.co/QFVmsfF4oh",2022-08-24 11:14:18+00:00
82,1562395318972342272,"Fake news, misinformation fueling Nigeria‚Äôs insecurity ‚Äì Lai¬†Mohammed https://t.co/z6OsY0EuHn",2022-08-24 11:04:06+00:00
83,1562393236097974272,@sirv82998666 @Saintmoses10 @Adewoleomoluabi @SodiqTade Fake news? Something that‚Äôs documented? You think the US is Nigeria?,2022-08-24 10:55:50+00:00
84,1562387476773314560,"Reuben Abati of Arise News, talked about what he called THE VACUUM THEORY
The thieving decrepit political class created chasmic vacuum, and Nigerians have come to occupy the vacuum through Peter Obi
Nigeria shall produce again.
Happy Independence Nigeria!
#EndSars
#ObiDatti2023",2022-08-24 10:32:56+00:00
85,1562383067716648961,"@AbdulMahmud01 @KadunaResident #Obidatti023 na your mate üßâ? ·ªåga Ben rush go do the needful. If you no won collect, no do fake news. Be objective and civil around your political view. God bless Nigeria.  @benmurraybruce",2022-08-24 10:15:25+00:00
86,1562377890041413632,@AkanjiAbiodun9 @AkinWAdedotun @Mr_JAGs Copies what? I studied chemical engineering and we were told in class as far back as 2002 that a refinery was marked on that axises since 1982. When people say things that means it‚Äôs fake news? Please if Nigeria gets better it‚Äôs for Nigerian as a whole not for Tinubu co alone,2022-08-24 09:54:51+00:00
87,1562377194789376000,Please don‚Äôt peddle fake news UK is not Nigeria https://t.co/ViXbadzPib,2022-08-24 09:52:05+00:00
88,1562377050803081216,@Mochievous Good. You played a big role in giving Nigeria a bad image with your lies and fake news.,2022-08-24 09:51:31+00:00
89,1562376034997207040,@OjiUgo_nwa i'm sure @OfficialAPCNg govt will say its fake news or its not Nigeria athletes....or they will give one horrible senseless excuse why they should sleep on bare floor,2022-08-24 09:47:28+00:00
90,1562375483995885568,"#Nigeria minister of information says fake news, #disinformation worsening insecurity - https://t.co/O10dB4ijo4 https://t.co/wagTTdQnBa",2022-08-24 09:45:17+00:00
91,1562368313895927808,@DavidHundeyin He actually did not press harder especially when the man kept insisting that it's social media (SM) allegations. America takes verifiable SM news serious. All we do in Nigeria is to play into the political narratives that mocks SM.,2022-08-24 09:16:48+00:00
92,1562360760659214341,"Buhari blames fake news for worsening insecurity
'President Muhammadu Buhari has said that the heightened state of insecurity in the country...'
@lagmetropolitan
#insecurity #Nigeria #buhari #lm #lagosmetropolitan #lagmetro #metro #lagos https://t.co/sqa91CouIA",2022-08-24 08:46:47+00:00
93,1562360451312271360,"You can read the report here: 

""‚ÄúBagudu is an example of how Nigeria‚Äôs kleptocratic political class enjoys power and privilege despite their clear and condemnable track record,‚Äù commented @MatthewTPage, a Nigerian governance expert.""

@PremiumTimesng

https://t.co/QwoxRiOgU8",2022-08-24 08:45:33+00:00
94,1562357743540793344,How Nigeria Police Nabbed A Fake ASP In Akwa Ibom  https://t.co/Jalw6zpUEX,2022-08-24 08:34:47+00:00
95,1562353017021956096,"Nigeria: Fake News, Misinformation Worsening Insecurity Nationwide ‚Äì¬†Buhari https://t.co/8LXtxNSa6v",2022-08-24 08:16:01+00:00
96,1562344697758191616,Fake News Aggravating Insecurities In Nigeria - Lai Mohammed https://t.co/pylMbTi3j0,2022-08-24 07:42:57+00:00
97,1562342208493199360,"@channelstv N100 billion naira given to fulani terrorists aka Myetti Allah by a fulani man called Dambazu Nigeria public funds is it also a fake news Mr Lai Mohammed? Answer this question n stop deceiving the #World , #UN.",2022-08-24 07:33:04+00:00
98,1562342113299292160,"@DeeOneAyekooto APC goons so good at spreading fake news. APC, the party of low lives. All of you believing every pint of lie spread by APC are pathetic. The sme way you made Nigeria pathetic by voting APC.",2022-08-24 07:32:41+00:00
99,1562342099013570560,"@TheNationNews @sunday_oguntola @sami_oamen @samonams @Iamkatiey @TomisinAmokeoja @obinanwa @PWelundu @Odozie @egberobert @Jasishana N100 billion naira given to fulani terrorists aka Myetti Allah by a fulani man called Dambazu Nigeria public funds is it also a fake news Mr Lai Mohammed? Answer this question n stop deceiving the #World , #UN.",2022-08-24 07:32:37+00:00
100,1562341849586667520,"@TheNationNews N100 billion naira given to fulani terrorists aka Myetti Allah by a fulani man called Dambazu Nigeria public funds is it also a fake news Mr Lai Mohammed? Answer this question n stop deceiving the #World , #UN.",2022-08-24 07:31:38+00:00
101,1562341771706777601,"@IndependentNGR N100 billion naira given to fulani terrorists aka Myetti Allah by a fulani man called Dambazu Nigeria public funds is it also a fake news Mr Lai Mohammed? Answer this question n stop deceiving the #World , #UN.",2022-08-24 07:31:19+00:00
102,1562341524486213632,"@MobilePunch N100 billion naira given to fulani terrorists aka Myetti Allah by a fulani man called Dambazu Nigeria public funds is it also a fake news Mr Lai Mohammed? Answer this question n stop deceiving the #World , #UN.",2022-08-24 07:30:20+00:00
103,1562341315748265984,"N100 billion naira given to fulani terrorists aka Myetti Allah by a fulani man called Dambazu Nigeria public funds is it also a fake news Mr Lai Mohammed? Answer this question n stop deceiving the #World , #UN.",2022-08-24 07:29:31+00:00
104,1562341294696980480,"@thecableng N100 billion naira given to fulani terrorists aka Myetti Allah by a fulani man called Dambazu Nigeria public funds is it also a fake news Mr Lai Mohammed? Answer this question n stop deceiving the #World , #UN.",2022-08-24 07:29:26+00:00
105,1562341270835568640,"N100 billion naira given to fulani terrorists aka Myetti Allah by a fulani man called Dambazu Nigeria public funds is it also a fake news Mr Lai Mohammed? Answer this question n stop deceiving the #World , #UN. https://t.co/Oqu7U8oDHP",2022-08-24 07:29:20+00:00
106,1562333937703489537,Fake news worsening insecurity in Nigeria ‚Äì Lai¬†Mohammed https://t.co/RP9uw8Q8y3,2022-08-24 07:00:12+00:00
107,1562333915104579589,Fake news worsening insecurity in Nigeria ‚Äì Lai¬†Mohammed https://t.co/OjJhNSTv3y,2022-08-24 07:00:06+00:00
108,1562333207844077568,@tt_masinga @StephenIkechuk4 People who want better nigeria don‚Äôt spread fake news or false information to mislead people.,2022-08-24 06:57:18+00:00
109,1562333179415068672,"üî∂NAIJA NEWS HEADLINESüî∂
üçÄWed Aug 24, 2022üåø

*Buhari Fake News, Misinformation Worsening Insecurity‚Ä¢Says Terrorists Must Be Crushed For Peace To Reign‚Ä¢Flays Murder Of Islamic Cleric, By Soldiers‚Ä¢Harps On Improved Security, Political, Economic Relationship Btw Nigeria, India",2022-08-24 06:57:11+00:00
110,1562332590018797568,"The Federal Government of Nigeria has asserted that the insecurity being experienced in some parts of the country is a direct result of fake news and misinformation.

Read More: https://t.co/3hsqYwUtY4",2022-08-24 06:54:50+00:00
111,1562329125800787968,"@Reignbow12 @Max44709721 @chosensomto Oh! You do fake news and street propaganda like ""India score Nigeria 99:0 kind of shit and goalie was see arrows instead of football"" I see..",2022-08-24 06:41:04+00:00
112,1562323624824307713,"@__a__to__z__0__ Fake News Podadha Thambi üòÇ

India overtakes Nigeria as world‚Äôs poverty capital? Fact Check https://t.co/U165Vfsv0I via @OnlyFactIndia",2022-08-24 06:19:13+00:00
113,1562323357953134592,"@alobz @toluogunlesi @masses_eagle @FinPlanKaluAja1 @NigeriaGov @nsia_nigeria Two people posted NSIA report.

One is ""Fake News"", while the other is not...üòÇ

Hypocrite!",2022-08-24 06:18:09+00:00
114,1562321399208824833,Fake news worsening insecurity in Nigeria ‚Äì Lai Mohammed¬† https://t.co/4KV7atBVA9,2022-08-24 06:10:22+00:00
115,1562319220708642821,"U.S. to repatriate fresh $23m Abacha loot to Nigeria; Fake news, misinformation is worsening insecurity - Lai Mohammed | 5 Things That Should Matter Today
https://t.co/Zk9a0ZeL70",2022-08-24 06:01:43+00:00
116,1562319098737856512,"U.S. to repatriate fresh $23m Abacha loot to Nigeria; Fake news, misinformation is worsening insecurity ‚Äì Lai¬†Mohammed https://t.co/U4b0GYxGON",2022-08-24 06:01:14+00:00
117,1562317354972880896,"@MobilePunch You people can liar , there no single truth from this government of APC at all , the military can lies and all they are telling us is all fake news just to cover up , military and police in Nigeria under this APC government is not been honest with Nigeria they are doing evil",2022-08-24 05:54:18+00:00
118,1562316481983135744,@GuardianNigeria Who dey pay una for fake news..Nigeria media and fake news na 5&amp;6..show us prove o,2022-08-24 05:50:50+00:00
119,1562315112350121987,https://t.co/Jo92rAN4wU,2022-08-24 05:45:23+00:00
120,1562313456124059648,"@917wavefm @excel_u Fake news worsening insecurity on Nigeria
Wow, don't be offended I will talk to wave FM about it
APC led Government will never tell themselves the truth 
God will help us",2022-08-24 05:38:48+00:00
121,1562304497417965568,"@MobilePunch Nigeria losing oil Money to political thief, citizens lament. When we go see news like this?",2022-08-24 05:03:13+00:00
122,1562296680284041216,President Muhammadu Buhari has said Nigeria and India must continue to build on longstanding diplomatic relations between them to the benefit citizens of both countries. https://t.co/1y0IMoNljD,2022-08-24 04:32:09+00:00
123,1562295895890075649,Fake news worsening insecurity in Nigeria ‚Äì Lai¬†Mohammed https://t.co/a7RP8yVJ0o,2022-08-24 04:29:02+00:00
124,1562277765441011712,"Fake news, misinformation fueling Nigeria‚Äôs insecurity ‚Äì Lai¬†Mohammed https://t.co/3Grm5pnIBN",2022-08-24 03:16:59+00:00
125,1562270729323786240,"Fake news, misinformation fueling Nigeria‚Äôs insecurity ‚Äì Lai¬†Mohammed https://t.co/V6ShLDduH4",2022-08-24 02:49:02+00:00
126,1562262326350266368,DO YOU AGREE? ‚ÄúFake News Worsening Insecurity In Nigeria‚Äù ‚Äì Lai¬†Mohammed https://t.co/Wy4LkDkKGj,2022-08-24 02:15:38+00:00
127,1562260311344041984,Fake News Worsening Insecurity In¬†Nigeria https://t.co/evRzD5z0E6,2022-08-24 02:07:38+00:00
128,1562259989288615942,"Fake news, misinformation fueling Nigeria‚Äôs insecurity ‚Äì Lai Mohammed ‚Ä∫¬†https://t.co/4ahjUqby4Z https://t.co/MHE9vYZvTs",2022-08-24 02:06:21+00:00
129,1562259904140054530,"Fake news, misinformation fueling Nigeria‚Äôs insecurity ‚Äì Lai¬†Mohammed https://t.co/K7YECkDWaM",2022-08-24 02:06:01+00:00
130,1562258893186957312,"Fake news, misinformation fueling Nigeria‚Äôs insecurity ‚Äì Lai¬†Mohammed https://t.co/wPL8BXxZiX",2022-08-24 02:02:00+00:00
131,1562258490328256512,"Fake news, misinformation fueling Nigeria‚Äôs insecurity ‚Äì Lai¬†Mohammed https://t.co/UFP9LcXWeV",2022-08-24 02:00:24+00:00
132,1562258478923558912,"Fake news, misinformation fueling Nigeria‚Äôs insecurity ‚Äì Lai¬†Mohammed https://t.co/p4lD2g7ffR",2022-08-24 02:00:21+00:00
133,1562248329492561920,Fake news worsening insecurity in Nigeria - Lai Mohammed https://t.co/ElHpnscKPg,2022-08-24 01:20:01+00:00
134,1562243515538898945,Fake news worsening insecurity in Nigeria ‚Äì Lai¬†Mohammed https://t.co/a0vysQxAUs,2022-08-24 01:00:53+00:00
135,1562243509083860992,Fake news worsening insecurity in Nigeria ‚Äì Lai¬†Mohammed https://t.co/TtekczUrxV,2022-08-24 01:00:52+00:00
136,1562242037168181248,"Nigeria, Political Choices And Consequences https://t.co/kO5RcmUXl2 via @The News Giant 

Wizkid FC
Pawpaw
23rd August
Onitsha
Don Jazzy
Sergio Ramos
Festus Keyamo
Wesley Fofana
Fashola
Ambode
Abacha
#1MillionMarch4PeterObi
Chi Chi
Mrs Ikoyi
Sule Lamido
Lai Mohammed
#SQLChallenge",2022-08-24 00:55:01+00:00
137,1562241584921718785,Lai Mohammed says Fake news and misinformation are worsening insecurity in¬†Nigeria https://t.co/ZoW8dxG4zn,2022-08-24 00:53:13+00:00
138,1562236993614090240,"@MobilePunch You guys started fake news, misinformation, disinformation and propaganda in 2014 and early 2015. See where it has taken Nigeria today. And are you now complaining?",2022-08-24 00:34:58+00:00
139,1562233818282487808,"Fake news, misinformation fueling Nigeria‚Äôs insecurity ‚Äì Lai¬†Mohammed https://t.co/i1KiyjnyBi",2022-08-24 00:22:21+00:00
140,1562228776238338048,Lai Mohammed says Fake news and misinformation are worsening insecurity in¬†Nigeria https://t.co/JQB0LscZ7T,2022-08-24 00:02:19+00:00
141,1562220100651925504,"Fake news, misinformation fueling Nigeria‚Äôs insecurity ‚Äì Lai¬†Mohammed https://t.co/cjorsU1F5d",2022-08-23 23:27:51+00:00
142,1562215159325937666,Lai Mohammed says Fake news and misinformation are worsening insecurity in¬†Nigeria https://t.co/n1THng44MC,2022-08-23 23:08:13+00:00
143,1562214978517897217,Lai Mohammed says Fake news and misinformation are worsening insecurity in¬†Nigeria https://t.co/kUnaNJNE6a,2022-08-23 23:07:30+00:00
144,1562212426275332096,@TopBoyJamiee @teddtheicon1 @JasinMiles @burnaboy U see say u be mumu something wey be say na pulse Nigeria post am blog wey Dey carry fake news @burnaboy  come carry ur delusional ape ü¶ß oo,2022-08-23 22:57:21+00:00
145,1562212054261346305,"Fake news, misinformation fueling Nigeria‚Äôs insecurity ‚Äì Lai¬†Mohammed https://t.co/7LqkbvybaU",2022-08-23 22:55:52+00:00
146,1562203915294490625,Fake news worsening insecurity in¬†Nigeria https://t.co/E1GB1N9XUw,2022-08-23 22:23:32+00:00
147,1562202287912931329,"Conflicting orders and decisions of courts on political matters | The Guardian Nigeria News.
 The late Chief Justice of Nigeria ‚Äì Honourable Justice Dahiru Mustapher ... Election matters in Nigeria are replete with conflicting judgments.
 https://t.co/tpz14YfTBV",2022-08-23 22:17:04+00:00
148,1562192570163548163,Fake news worsening insecurity in Nigeria ‚Äì Lai¬†Mohammed https://t.co/fXs1SVq1Cx,2022-08-23 21:38:27+00:00
149,1562184754455347201,"Fake news, misinformation worsening insecurity ‚ÄìLai Mohammed https://t.co/ULICWX2Wch  #Nigeria #NigeriaNews https://t.co/fEUKI1MlYh",2022-08-23 21:07:24+00:00
150,1562174499382087681,@toluogunlesi @masses_eagle @FinPlanKaluAja1 @NigeriaGov @nsia_nigeria When will the law on fake news be enacted and or if present used to correct wilful disinformation? It's downright sickening.,2022-08-23 20:26:39+00:00
151,1562162828957560832,"Fake News Worsening Insecurity In Nigeria - Lai Mohammed
DETAILS üëá‚òõ https://t.co/JGJUVdUZDc

Please follow us &amp; retweet
#LaiMohammed #Nigeria #Politics #bobojay #bobojaytv https://t.co/PfPdCv1yuY",2022-08-23 19:40:16+00:00
152,1562156289970642945,"@TwitterSupport kindly suspend @PodiumReporters for criminal fabrication and spreading of malicious, wicked and satanic fake news capable of destroying the peace of our homeland. Please, save the soul of Nigeria. We say no to #Cyberterrorism
#FakeNews",2022-08-23 19:14:17+00:00
153,1562155989356253185,"@vanguardngrnews @PeterObi is courteous.
He is not uncouth.

There are lots bedeviling Nigeria right now, lots to investigate &amp; ask the political candidates going into 2023.
You are supposed to be a media house with journalists, do your job and report real news.",2022-08-23 19:13:05+00:00
154,1562154528497074178,"@ogunoro @KemiOlunloyo @ndlea_nigeria @FemiBabafemi @_mahad_ Maybe you should advise her to stop spreading fake news and misinforming the unsuspecting public. Her attitude, reaction and character towards sensitive public issues speak volume of her mental state of health. She needs to be highly cautioned.",2022-08-23 19:07:17+00:00
155,1562153284751745024,Fake News worsening insecurity in Nigeria ‚Äì Minister ‚Äî Daily¬†Nigerian https://t.co/MmA0R2sN1t,2022-08-23 19:02:21+00:00
156,1562149476504043522,DO YOU AGREE? ‚ÄúFake News Worsening Insecurity In¬†Nigeria‚Äù https://t.co/z5Dq2xjYj6,2022-08-23 18:47:13+00:00
157,1562148912735076353,DO YOU AGREE? ‚ÄúFake News Worsening Insecurity In¬†Nigeria‚Äù https://t.co/L9YWDHXh6V,2022-08-23 18:44:58+00:00
158,1562148393107001344,Fake News Worsening Insecurity In Nigeria ‚Äì Lai¬†Mohammed https://t.co/A5ipSBzLsE,2022-08-23 18:42:54+00:00
159,1562147657468022785,"Fake news worsening insecurity in Nigeria ‚Äì Lai Mohammed

The beginning of a bold transition can sometimes take just one person. Absence of rule of law, leads to insecurity -
Chimamanda Ngozi 

Peter Drury (last night):

‚ÄúSuddenly it doesn't matter that he is only 5'9, he's",2022-08-23 18:39:59+00:00
160,1562146488637161481,"The minister of information and culture, Lai Mohammed, says insecurity in the country is exacerbated by fake news and misinformation.
He said this during his speech on Tuesday at a summit organised by the Nigerian Institute of Public Relations (NIPR)

https://t.co/tvWSOdkSvl https://t.co/GQGnkwAZrB",2022-08-23 18:35:20+00:00
161,1562143030781558785,"Latest Political News In Nigeria For Today, Tuesday, 23rd August,¬†2022 https://t.co/0EoAb28Oz0",2022-08-23 18:21:36+00:00
162,1562138452572999680,Fake News worsening insecurity in Nigeria ‚Äì Minister  https://t.co/EMgCLvY0Mp,2022-08-23 18:03:24+00:00
163,1562137867953905665,"Welcome to the round-up of the most up-to-date political information in Nigeria, political gist, highlights of polit...
https://t.co/2MBzi6kAa3",2022-08-23 18:01:05+00:00
164,1562137705718452229,"@TheoAbuAgada @Mr_JAGs Tell your people to stop sharing fake news. Until they make one of you go bankrupt, all you fake news carriers in Nigeria will continue. Una no dey shame? See all the fake news you put out during primaries. No form of integrity on your side. Just retweet and likes to grow account",2022-08-23 18:00:26+00:00
165,1562136642994970626,Fake News worsening insecurity in Nigeria ‚Äì Minister ‚Äî Daily¬†Scoop https://t.co/kdDF1hN5Za,2022-08-23 17:56:13+00:00
166,1562135284522926080,Fake News worsening insecurity in Nigeria ‚Äì¬†Minister https://t.co/oVJLiPYgUl,2022-08-23 17:50:49+00:00
167,1562132756909490176,"Lai Mohammed Blames Fake News, Misinformation For Exacerbating Nigeria‚Äôs Insecurity https://t.co/L2vZC8PZ4P",2022-08-23 17:40:46+00:00
168,1562129126655410177,"Latest Political News In Nigeria For Today, Tuesday, 23rd August,¬†2022 https://t.co/qTWrDvyGjK",2022-08-23 17:26:21+00:00
169,1562125533210501124,"Latest Political News In Nigeria For Today, Tuesday, 23rd August, 2022 https://t.co/JG7ssDfTBW via @NaijaNews #NaijaNews",2022-08-23 17:12:04+00:00
170,1562124177708138499,"Latest Political News In Nigeria For Today, Tuesday, 23rd August,¬†2022 https://t.co/ifHYIXp11A",2022-08-23 17:06:41+00:00
171,1562124163795615745,"Latest Political News In Nigeria For Today, Tuesday, 23rd August,¬†2022 https://t.co/jqAIkYnGPZ",2022-08-23 17:06:38+00:00
172,1562124152517148672,"Latest Political News In Nigeria For Today, Tuesday, 23rd August,¬†2022 https://t.co/B5A3BJnFoT",2022-08-23 17:06:35+00:00
173,1562124142555578372,"Latest Political News In Nigeria For Today, Tuesday, 23rd August,¬†2022 https://t.co/XgcN6AnrBo",2022-08-23 17:06:33+00:00
174,1562123882001211392,"You see the political correctness of some of my Edo brothers make me wonder if they are really in Nigeria. So where were you when northern govs were deporting street urchins to their individual states? Or ain‚Äôt they Nigerians? 
https://t.co/N1vBZ8YBF2 https://t.co/nqF3ckelI9",2022-08-23 17:05:30+00:00
175,1562123867312820224,"Lai Mohammed Turns His Blame Game Steering, Claims ‚ÄúFake News Worsening Insecurity In Nigeria‚Äù https://t.co/yHbmOjDF4o",2022-08-23 17:05:27+00:00
176,1562123601603661826,Fake News Aggravating Insecurity In Nigeria ‚Äì FG https://t.co/h4DmVTk2AX https://t.co/tRgCpdjlSO,2022-08-23 17:04:24+00:00
177,1562121426945150979,Fake news worsening insecurity in Nigeria ‚Äì Lai¬†Mohammed https://t.co/tJz78EQTL5,2022-08-23 16:55:45+00:00
178,1562121034387668993,Lai Mohammed says fake news worsening insecurity in Nigeria https://t.co/BTXfC7tAe9 https://t.co/KiUOIQxMZ2,2022-08-23 16:54:12+00:00
179,1562119076293615617,"Lai Mohammed notes that he has not been spared by the purveyors of fake news and misinformation as countless disinformation have been attributed to him.

He said his ministry is working with various social media like Facebook &amp; Google to curtail its spread
https://t.co/81GvnRlehe",2022-08-23 16:46:25+00:00
180,1562118481658757120,Fake news worsening insecurity in Nigeria ‚Äì Lai Mohammed https://t.co/VJeRlVBPlQ,2022-08-23 16:44:03+00:00
181,1562117402459922434,"Pls Follow omniblogng on twitter 
#fake #insecurity #Lai #Mohammed #news #Nigeria #Worsening
https://t.co/9HwAl6AQra",2022-08-23 16:39:46+00:00
182,1562113813389910016,"@Sct_Omojefe_OK @PBramobofa @MBuhari Ask the minister of information if the country is facing Insecurity in Nigeria, cause sound like this is Fake news about Insecurity ü§î",2022-08-23 16:25:30+00:00
183,1562112792953487360,Fake News Worsening Insecurity In Nigeria ‚Äì Lai¬†Mohammed https://t.co/cVlT1iK0lC,2022-08-23 16:21:27+00:00
184,1562110887703457793,Fake News Worsening Insecurity In Nigeria - Lai Mohammed https://t.co/EYq3Emoa1Q,2022-08-23 16:13:52+00:00
185,1562110853129781249,"How Fake News Endangers Peace, Threatens Nigeria‚Äôs Security ‚Äì Lai Mohammed 
#NIPR #niprsummit 
https://t.co/7HwsW8Ie27",2022-08-23 16:13:44+00:00
186,1562108737325830147,"No Nigerian mainstream or social media outfit is broadcasting this news.....
They're all mailing pictures of the suit Kashim Shettima wore to NBA political gathering. 

May God bless our gallant soldiers 

God bless PMB üôè 

God bless the Federal Republic of Nigeria. https://t.co/RBR2MmtAkZ",2022-08-23 16:05:20+00:00
187,1562104263643381760,Fake news worsening insecurity in Nigeria ‚Äì Lai¬†Mohammed https://t.co/ymZkc9kGPA,2022-08-23 15:47:33+00:00
188,1562104236132925440,Fake news worsening insecurity in Nigeria ‚Äì Lai¬†Mohammed https://t.co/8SU9DDYVog,2022-08-23 15:47:27+00:00
189,1562104230130978818,Fake news worsening insecurity in Nigeria ‚Äì Lai¬†Mohammed https://t.co/3HkMSjcUyy,2022-08-23 15:47:25+00:00
190,1562102367268503552,Fake news worsening insecurity in Nigeria ‚Äì Lai Mohammed https://t.co/LbROPJdzzK,2022-08-23 15:40:01+00:00
191,1562101792757932032,"Lai Mohammed Turns His Blame Game Steering, Claims ""Fake News Worsening Insecurity In Nigeria"" https://t.co/6vR3hUjgrm",2022-08-23 15:37:44+00:00
192,1562101764182183936,Fake news worsening insecurity in Nigeria ‚Äì Lai¬†Mohammed https://t.co/h5ddKXsnlz,2022-08-23 15:37:37+00:00
193,1562100975267110912,Lai Mohammed points out Fake news as another major cause of insecurity in¬†Nigeria https://t.co/eYkOhLFmhN,2022-08-23 15:34:29+00:00
194,1562100530914009088,"The Minister of Information and Culture, Lai Mohammed, says fake news is https://t.co/gmRFHEbPVr #gist",2022-08-23 15:32:43+00:00
195,1562096740647534592,"The Minister of Information and Culture, Lai Mohammed, says fake news is worsening the level of insecurity in the country. 

https://t.co/5JWoo825HL.

#OperaNews https://t.co/eiHwaBlJNo",2022-08-23 15:17:39+00:00
196,1562096108104458240,Fake news ‚ùå‚ùå‚ùå‚ùå we will not give in to established syndicates in Nigeria. https://t.co/FccFu3jrMf,2022-08-23 15:15:09+00:00
197,1562094982781345792,Fake news worsening insecurity in Nigeria - Lai Mohammed https://t.co/yHhIDYNrov https://t.co/WvuwD1SyBn,2022-08-23 15:10:40+00:00
198,1562094401819648000,"Fake news worsening insecurity in Nigeria, says Lai Mohammed Lai Mohammed
Minister of information and culture, Lai Mohammed has stated that insecurity in the country is exacerbated by fake news and... https://t.co/1DSvrZCQMX https://t.co/02sxHYS9Yy",2022-08-23 15:08:22+00:00
199,1562091862541979650,"@O_basslet Fake news bro, Tinubu is in Nigeria",2022-08-23 14:58:16+00:00
200,1562090664661327873,"Buhari hails long-standing security, political, economic ties https://t.co/GKAiZvznbJ  #Nigeria #NigeriaNews https://t.co/5MnI41SNEv",2022-08-23 14:53:31+00:00
201,1562078465142099968,"Our New Prelate Emerged Through Transparent, Godly Process - Presbyterian Church: The Presbyterian Church of Nigeria, PCN has expressed dismay over fake news published in some news outlets, alleging that the newly elected Moderator of the General‚Ä¶ https://t.co/qugXK5QqiD",2022-08-23 14:05:02+00:00
202,1562077856162889730,"Fake news worsening insecurity in Nigeria, says Lai¬†Mohammed https://t.co/SGk4D0KAUE",2022-08-23 14:02:37+00:00
203,1562070990087000066,Lai: Fake news worsening insecurity in Nigeria https://t.co/4mD0OLNtik,2022-08-23 13:35:20+00:00
204,1562070231765422081,@thecableindex Tinubu is in Nigeria as at two hours ago.Fake news,2022-08-23 13:32:19+00:00
205,1562068425786392576,"Kapil Komireddi writes that news that India has replaced Nigeria as the global capital of poverty has not hurt the myth of a rising India. The¬†audacity of our political leadership is exceeded only by the gullibility of its worshippers.

https://t.co/leQibe8gri",2022-08-23 13:25:09+00:00
206,1562055380762599426,@thecableng Fake news doesn‚Äôt have anything to do with insecurity in Nigeria‚Ä¶ who are this clueless ppl ‚Ä¶,2022-08-23 12:33:19+00:00
207,1562054055861657601,"@famonzo01 @abikedabiri Fake News! Assumptions that you can't substantiate. I dare you 2 provide evidence of government asking anyone to under report any killing, kidnapping or violence. We can't b telling these lies because of our hatred for Buhari. Buhari would leave but Nigeria remains our country.",2022-08-23 12:28:03+00:00
208,1562053666026274816,"Lai Mohammed, minister of information and culture, says insecurity in the country is exacerbated by fake news and misinformation.

https://t.co/sSwmx6VGyF.

#OperaNewsHub https://t.co/kj0OmvZGFs",2022-08-23 12:26:30+00:00
209,1562048742186000384,"Fake news worsening insecurity in Nigeria - Lai Mohammed

https://t.co/Q99oBV7eyu",2022-08-23 12:06:56+00:00
210,1562045953175076864,Lai: Fake news worsening insecurity in Nigeria | TheCable https://t.co/nE1sPQyODb https://t.co/IBiA7IZxth,2022-08-23 11:55:51+00:00
211,1562035041244438531,@hookupcity @Nwokocha_P_O You are one of d ignorant ones that these tales by moonlight impress. The ship you refer to is the Heroic Idun. That was fake news. If you have a ship tracker you can check that the ship was enroute EG from Asia. No crude taken from Nigeria. Only passed through Akpo field to EG.,2022-08-23 11:12:29+00:00
212,1562029099962380288,"@benmurraybruce Sir, you just posted an incorrect news. Reno has been blinded by Atiku money and has been deceived of political appointment by Atiku gangs.... you have to lecture him (Reno) on how Nigeria politics works... Reno is over, totally shamed.",2022-08-23 10:48:53+00:00
213,1562005006550810625,"@ShehuSani You never for once sees this country working. You're always on the front line of sharing bad and fake news about Nigeria and Nigerians.

Thank God to @elrufai for permanently retiring you from politics. Allah ya wadan naka ya lalace. Su mai Gashi anzama Jobless....Copy",2022-08-23 09:13:08+00:00
214,1562003860239138816,"@mr_tee35 @oladiran_t @okwy_ejezie @salako_mercy @Kehinde48526227 @stanley_bobby01 @scarfizal @PeterObi Says who? Merchant of fake news or evil expectations.

God keep lifting Nigeria and Nigerians who wishes her well",2022-08-23 09:08:35+00:00
215,1561982724176592897,"@neckobi @Radical_No_one @jeffphilips1 @Abdulrahmanleme Someone from prison outside Nigeria talkingü§£ü§£ü§£ you all will never detest from fake news tho‚Ä¶ how many Yorubas as shouting Oduduwa, make dem come out na if they no go swear for them ü§£ü§£",2022-08-23 07:44:36+00:00
216,1561980827080302592,"@ShehuSani You never for once sees this country working. You're always on the front line of sharing bad and fake news about Nigeria and Nigerians.

Thank God to @elrufai for permanently retiring you from politics. Allah ya wadan naka ya lalace. Su mai Gashi anzama Jobless....",2022-08-23 07:37:04+00:00
217,1561979236029763586,"Latest Political News In Nigeria For Today, Monday, 22nd August, 2022 https://t.co/G52BJgI72p",2022-08-23 07:30:44+00:00
218,1561960693070536706,"Conflicting orders and decisions of courts on political matters | The Guardian Nigeria News.
 The late Chief Justice of Nigeria ‚Äì Honourable Justice Dahiru Mustapher ... Election matters in Nigeria are replete with conflicting judgments.
 https://t.co/tpz14YflMn",2022-08-23 06:17:03+00:00
219,1561958058028408834,@fkeyamo @officialABAT This is a please this is serious business nigeria is not joke stop with your fake news we are more aware wake up.,2022-08-23 06:06:35+00:00
220,1561945589222367234,@Leyrey10 Lol fake news if someone insult u now u guys will say obidient lack home training atiku that cant think for himself anymore want to rule Nigeria? The same atiku that couldn't answer a direct question throw to him in 2018 obi was the answering everything for him.,2022-08-23 05:17:02+00:00
221,1561945586890592256,"Conflicting orders and decisions of courts on political matters | The Guardian Nigeria News.
 The late Chief Justice of Nigeria ‚Äì Honourable Justice Dahiru Mustapher ... Election matters in Nigeria are replete with conflicting judgments.
 https://t.co/tpz14YfTBV",2022-08-23 05:17:02+00:00
222,1561890108671926274,Workers fake deaths to get pension benefits https://t.co/imK55uplZf  #Nigeria #NigeriaNews https://t.co/GB8tbnhga7,2022-08-23 01:36:35+00:00
223,1561878286338236416,"In Nigeria, those who spread lies and fake news will say it's President Buhari's fault. https://t.co/QMGPlglmCS",2022-08-23 00:49:36+00:00
224,1561852124790669312,"Let‚Äôs remain united for peace, political stability in Lagos, Sanwo-Olu https://t.co/te1Y9gW5s2  #Nigeria #NigeriaNews https://t.co/A7M06RSkB3",2022-08-22 23:05:39+00:00
225,1561851983207743490,"@g_owu @OvieNews Bcoz oppositions are paying media houses heavily to keep bad news in Nigeria circulating, some when circulate fake news than real ones., if you haven't known this then you are not in Nigeria.",2022-08-22 23:05:05+00:00
226,1561841028541386752,"WABMA‚Äôs Fake News Debunker is a product of the West Africa Broadcast &amp; Media Academy (WABMA)/ and ELS Project Fact Check Nigeria, supported by the US Consulate General, Lagos.
Please like, share, and subscribe!
üí•üí•üí•üí•

https://t.co/uu1s7GcUPv",2022-08-22 22:21:33+00:00
227,1561830435327545346,@ISYalwaji Fake news. You guys just like posting bad things about our dear country Nigeria same bandit that our best president @MBuhari cleared last week with the help of Nigeria army. Where is the video of ur mum been shoot at ??,2022-08-22 21:39:27+00:00
228,1561823822629715968,@juliematangila1 @BetonDeLaRep_Cd @MudimbiThierry @ApambiDonat @GeneveDei1 @bashiga_moise @MakonsoL @IrFreddyKabamba @urwandaLtd @MizinziAristot1 @BukasaDave C'√©tait au Nigeria. Fake news,2022-08-22 21:13:11+00:00
229,1561818884075704320,"Ijaw youths back Tompolo, says pipeline surveillance contract not political https://t.co/8RpKjEZuc2",2022-08-22 20:53:33+00:00
230,1561815926466613249,"Nigeria police should stop all this fake news and fake pictures, ipob ESN has nothing to do with this nonsense, we are intelligent 100%, https://t.co/HPpobVdsuU",2022-08-22 20:41:48+00:00
231,1561786170299846661,"@PeterObi mentioned again at the #NBAAGC that Nigeria loses 80% of crude daily to theft.

Pastor Adebayo made this claim earlier  as it was debunked https://t.co/cTW8vpfrnk

Verdict! FAKE NEWS!",2022-08-22 18:43:34+00:00
232,1561781438516760581,"What‚Äô a shameless old swine .. fake news journalism, what do you expect from a journalist that contested for governorship with the greatest criminal and ex-convict of all time in Nigeria senator Buruju https://t.co/nC0AVLIago",2022-08-22 18:24:46+00:00
233,1561774981339435010,"Welcome to the spherical-up of the latest political news in Nigeria, political gist, highlights of political events,...
https://t.co/544c2t7Vvl",2022-08-22 17:59:06+00:00
234,1561773902610792448,@renoomokri President General Fake News Association of Nigeria.,2022-08-22 17:54:49+00:00
235,1561768630957785088,"Latest Political News In Nigeria For Today, Monday, 22nd August,¬†2022 https://t.co/2xBVjsFrix",2022-08-22 17:33:52+00:00
236,1561767577495412736,"Latest Political News In Nigeria For Today, Monday, 22nd August,¬†2022 https://t.co/Pn1ghBRBLu",2022-08-22 17:29:41+00:00
237,1561766226707333121,"Latest Political News In Nigeria For Today, Monday, 22nd August,¬†2022 https://t.co/Z4f8vNwh3W",2022-08-22 17:24:19+00:00
238,1561763865100255233,"Latest Political News In Nigeria For Today, Monday, 22nd August,¬†2022 https://t.co/J7EI8xl3lk",2022-08-22 17:14:56+00:00
239,1561762261013872640,"@Delightsonven @renoomokri Obi miscreants are always parading social media with fake news to destroy people's integrity. We have moved on beyond these nonsensical campaigns in Nigeria. If you have any evidence of a corruption case against Atiku please drag him to court.
#Atiku4SURE is your next president. https://t.co/KpbPCoHSJJ",2022-08-22 17:08:33+00:00
240,1561762029425213440,"Latest Political News In Nigeria For Today, Monday, 22nd August, 2022 https://t.co/GJFnEHGZ8q via @NaijaNews #NaijaNews",2022-08-22 17:07:38+00:00
241,1561761731206078464,Man in police net for vandalising political billboards in Benue https://t.co/liWvSXY2PE  #Nigeria #NigeriaNews https://t.co/3beXMjJq6M,2022-08-22 17:06:27+00:00
242,1561761515128193025,"Latest Political News In Nigeria For Today, Monday, 22nd August,¬†2022 https://t.co/HUrOAE4n2U",2022-08-22 17:05:35+00:00
243,1561761500175507457,"Latest Political News In Nigeria For Today, Monday, 22nd August,¬†2022 https://t.co/k8RWFGSMU8",2022-08-22 17:05:32+00:00
244,1561761488225853440,"Latest Political News In Nigeria For Today, Monday, 22nd August,¬†2022 https://t.co/iK5NwUlLKO",2022-08-22 17:05:29+00:00
245,1561761477794594816,"Latest Political News In Nigeria For Today, Monday, 22nd August,¬†2022 https://t.co/IGKIu7mpEI",2022-08-22 17:05:27+00:00
246,1561740486259490817,@ASUU_NEWS Atiku is now the most annoying politician in Nigeria. Very empty upstairs; always using people's predicament to sell his political ambition. #ASUUstrike  #BBNaija,2022-08-22 15:42:02+00:00
247,1561717179007082497,"@bill_sieber @BePastafarian @bennyjohnson Never mind. You are in a fantasy world. It must be nice to just say ""fake news"" at anything that makes your life uncomfortable. These are all links from regular news sources. You probably fell for WMDs in Iraq, Obama was born in Nigeria, and Trump won too. Bye kid.",2022-08-22 14:09:25+00:00
248,1561714568421814272,"Ijaw youths back Tompolo, says pipeline surveillance contract not political https://t.co/XCjo25wA6p",2022-08-22 13:59:03+00:00
249,1561703123911028736,"Ijaw youths back Tompolo, says pipeline surveillance contract not political https://t.co/evUUIOyy8w",2022-08-22 13:13:34+00:00
250,1561697666484027392,https://t.co/s0hrFd7v5z,2022-08-22 12:51:53+00:00
251,1561686076191903745,@SaharaReporters Fake news. The regime in Nigeria is the chief sponsor of terrorism in Nigeria.,2022-08-22 12:05:49+00:00
252,1561678169496862720,"Director-general, National Council For Arts And Culture (NCAC), Otunba Olusegun Runsewe, Says Spreading Fake News About Nigeria Will Discourage Investors And Other Meaningful Opportunities For The Country. https://t.co/MsGhcxqICM",2022-08-22 11:34:24+00:00
253,1561662806063210496,"A two days workshop is being organize by @YerwaExpress in Maiduguri taking place right now to fight a deadly information warfare titled ""Fact Checking and Investigative Reporting"".
 Tackling Fake News: The Case of Nigeria https://t.co/3m4CBdFm9n via @ispionline",2022-08-22 10:33:21+00:00
254,1561658665345712130,"Media and fake newsü§ù
This is part of the problem we are facing in Nigeria https://t.co/YoKnVYTinz",2022-08-22 10:16:54+00:00
255,1561649452103892992,@Qdpaper2 All fake all fake news‚Ä¶ just for selfish interest don‚Äôt you know you will gain more when Nigeria becomes better than when you betray people for selfish gain,2022-08-22 09:40:18+00:00
256,1561648684286320641,"@TheNationNews Fake News and Nigeria Papers 
5&amp;6",2022-08-22 09:37:15+00:00
257,1561644875816353793,"BREAKING NEWS:

In our quest to dislodge APC in Gombe State and Nigeria, today we received 300 decampees from APC to the largest political party in Africa PDP, in Nasarawo

Bonfire of brooms was successful conducted without any fear or favour
APC Sai mun Baku wuta
#Atikuiscoming https://t.co/hrnGivdRNf",2022-08-22 09:22:07+00:00
258,1561640846897942529,@7threpublic_ You see thunder that will fire you for this fake news is yet to be known. Your likes of fake news purveyors is supposed to be behind the bars cos you are an enemy of a better Nigeria.,2022-08-22 09:06:06+00:00
259,1561635181664124928,I felt to understand why fake news always circulated in Nigeria,2022-08-22 08:43:35+00:00
260,1561634270204284928,"BREAKING NEWS:

In our quest to dislodge APC in Gombe State and Nigeria, today we received 300 decampees from APC to the largest political party in Africa PDP, in Nasarawo
Bonfire of brooms was successful conducted without any fear or favour
#Atikuiscoming @AbbatiAuwalu_ https://t.co/Fwd9WBNLa7",2022-08-22 08:39:58+00:00
261,1561625870959247361,"@fkeyamo @officialABAT Stop spreading fake news , sanity came to Lagos during WAI in Lagos which was still the capital of Nigeria...Vote wisely",2022-08-22 08:06:35+00:00
262,1561616763116216326,"Latest Political News In Nigeria For Today, Sunday, 21st August, 2022 https://t.co/U2p9dqH4V2",2022-08-22 07:30:24+00:00
263,1561613670597246976,Spreading fake news about Nigeria will discourage investors ‚Äì¬†Runsewe https://t.co/12TqhV9acF,2022-08-22 07:18:07+00:00
264,1561613648988184576,Spreading fake news about Nigeria will discourage investors ‚Äì¬†Runsewe https://t.co/eRIo4cHjVM,2022-08-22 07:18:01+00:00
265,1561613643829202944,Spreading fake news about Nigeria will discourage investors ‚Äì¬†Runsewe https://t.co/biFTGDpvzV,2022-08-22 07:18:00+00:00
266,1561609932243435520,"Mr Chidi they said this happened in Northern Ghana not in Nigeria. 
Dem take fake news swear for you ? https://t.co/6UojvdYwq9 https://t.co/f50TWYlHsh",2022-08-22 07:03:15+00:00
267,1561606882195869697,"Director-General, National Council for Arts and Culture (NCAC), Otunba Olusegun Runsewe, says spreading fake news about Nigeria will discourage investors and other meaningful opportunities for the country.
https://t.co/sjz19vwWvK",2022-08-22 06:51:08+00:00
268,1561606608622419968,"Fantastically corrupt fake news machine @BBCAfrica is collaborating with the Terrorists in Nigeria to kill INDIGENOUS PEOPLE trapped in the zoo called. #thisIsnot1967 we will continue to expose your EVIL in afrika.

#ENDSARS #ReferendumNOW not WAR #freedom #BiafraExit #EndNigeria https://t.co/uviZEVnJsj",2022-08-22 06:50:03+00:00
269,1561605031069204482,"@emmaikumeh This Brother as you are doing this good work for the incoming President of Nigeria ATIKU, may the work of your hands be better... These Obi guys just wake up and spread fake news...OBIDIENTS are worse than BMC",2022-08-22 06:43:47+00:00
270,1561603497103163392,Spreading Fake News About Nigeria Will Discourage Investors ‚Äì¬†Runsewe https://t.co/OhJvOVKRrq,2022-08-22 06:37:41+00:00
271,1561603145662431233,@renoomokri @PeterObi Reno chief of spreading fake news n telling Lie's. Next cash n carry accept more locally made goods than any other outlets in Nigeria. In that way he promote our made in Nigeria products n encourage Nigeria to believe in themselves. Mumu reno monkey.,2022-08-22 06:36:17+00:00
272,1561593018867716100,"@YeleSowore When are you going to apologise to Nigerians regarding the fake news you used Sahara reporters to peddle under Jonathan and still. 
People like you should not be seen anywhere in Nigeria political scene or discussion, sowore rest!",2022-08-22 05:56:03+00:00
273,1561588217605984257,"@Jessehallidaygi Obi guys and news... This is not true stop spreading fake news in the name of campaigning for a candidate.
Obi cannot win an election in a country like Nigeria with the caliber of people around him.
I strongly recommend the #AtikuOkowa2023 ticket to you guys.
#Atiku4SURE https://t.co/la9gVFqJin",2022-08-22 05:36:58+00:00
274,1561587003325652993,"Nigeria, political choices and consequences ~ by Abiodun¬†Komolafe https://t.co/MEWR8Z9PE1",2022-08-22 05:32:09+00:00
275,1561586983532650501,"Nigeria, political choices and consequences ~ by Abiodun¬†Komolafe https://t.co/PCH4SE6qQn",2022-08-22 05:32:04+00:00
276,1561586977467731968,"Nigeria, political choices and consequences ~ by Abiodun¬†Komolafe https://t.co/yRV29QcecL",2022-08-22 05:32:02+00:00
277,1561549276957724672,Ebira community in Ondo State has said that the fight against insecurity in Nigeria will continue to be difficult to win if political leaders and security agents do not desist from politicising the issue. https://t.co/Sd1JbYWNdB,2022-08-22 03:02:14+00:00
278,1561542874327650309,Criminals and they will run this country to the ground cos Alas he doesn‚Äôt believe in one Nigeria so before you peddle fake news about Peter Obi dividing the country ask yourself between an Igbo man who has his businesses scattered in different states and a man who said he,2022-08-22 02:36:47+00:00
279,1561503979581882382,"To better know people like David Hundeyin read this article in the Nigerian Tribune, the oldest newspaper in Nigeria which he slammed for hiring me as a music journalist the same way he slammed Arise news for having me talk about the Hushpuppi case.

https://t.co/hgMlIwFSyT https://t.co/gPYkWpvgOi",2022-08-22 00:02:14+00:00
280,1561501196501876736,"@YeleSowore @NgLabour @PeterObi Obviously @YeleSowore is still working for @officialABAT ..... Bro stop inciting the public against @PeterObi .... @YeleSowore you are one of the persons that put us in this mess we are facing in Nigeria today with your fake news , please don't start again.. just dey your lane",2022-08-21 23:51:11+00:00
281,1561469649623351296,"Someone should please tell me that THIS News is FAKE, FALSE and FABRICATED...

Please I am waiting...

#Nigeria #BBNaija #BBNaijaS7 #RussianArmy #NigeriaDecides2023 #NigerianElections https://t.co/sGZWnWj8f6",2022-08-21 21:45:49+00:00
282,1561456322561941507,"BREAKING NEWS:

In our quest to dislodge APC in Gombe State and Nigeria, today we received 300 decampees from APC to the largest political party in Africa PDP, in Nasarawo

Bonfire of brooms was successful conducted without any fear or favour
APC Sai mun Baku wuta
#Atikuiscoming https://t.co/CJOGLsjuDZ",2022-08-21 20:52:52+00:00
283,1561442985942065152,Nigeria no dey? Must be fake news ü§£ https://t.co/pFlqOEg1N2,2022-08-21 19:59:52+00:00
284,1561437676682739714,"How did you know it‚Äôs PO supporters, well we are not new to your fake new and unverified news Mr Aspirants. Nothing you will say discredit our PO as he‚Äôs focus on fixing Nigeria https://t.co/wigVLqFVI3",2022-08-21 19:38:46+00:00
285,1561432497400971265,Sowore condemns mob action against ‚Äòfake bishop‚Äô https://t.co/XAvTZ1TgDY  #Nigeria #NigeriaNews https://t.co/bsTVnzBaif,2022-08-21 19:18:12+00:00
286,1561430053183172608,"@ChidiOdinkalu Professional specialist in lies and fake news, we don't even need ask who you will be supporting because you share a similar character of confidently lying with Nigeria's no 1 political lying machine.",2022-08-21 19:08:29+00:00
287,1561429764363231234,"@AreaFada1 Please, as Area Fada, president and elderly man, always check to confirm your facts before raising unfounded alarm. The news is fake. Visit INEC Nigeria Instagram page for clarification. I come in peace.",2022-08-21 19:07:20+00:00
288,1561426329047896068,"@sonsofameh @renoomokri @exxonmobil She has been Iyaloja of Lagos since 70s, Iyaloja of Lagos is a family chieftaincy of Tinubus.

Tinubu family has always been one of the richest in Yoruba land... Even before the creation of Nigeria.

So stop building up fake news and embrace the man of the moment üí™üí™üíØ",2022-08-21 18:53:41+00:00
289,1561420849588183041,"I read a very disturbing news somewhere credited to @inecnigeria about collation of results manually.
Is @inecnigeria still working in the interest of Nigeria and Nigerians or are they an extension of some political parties?
This madness is unacceptable and must stop immediately",2022-08-21 18:31:54+00:00
290,1561416505455165440,What is Nigeria doing to curb fake news? https://t.co/H0uE9eP6Pq,2022-08-21 18:14:39+00:00
291,1561413845628993536,"Latest Political News In Nigeria For Today, Sunday, 21st August,¬†2022 https://t.co/KZ0hoXljTZ",2022-08-21 18:04:05+00:00
292,1561413464853254148,"Latest Political News In Nigeria For Today, Sunday, 21st August,¬†2022 https://t.co/sh7OgcHoej",2022-08-21 18:02:34+00:00
293,1561412565183320064,"Welcome to the spherical-up of the latest political news in Nigeria, political gist, highlights of political situati...
https://t.co/6dMIKvb6Sc",2022-08-21 17:58:59+00:00
294,1561405657647038464,"Latest Political News In Nigeria For Today, Sunday, 21st August,¬†2022 https://t.co/f6eUPgNAB3",2022-08-21 17:31:32+00:00
295,1561401827685548034,"Latest Political News In Nigeria For Today, Sunday, 21st August,¬†2022 https://t.co/aDpRFqr3JN",2022-08-21 17:16:19+00:00
296,1561401780994314241,"Latest Political News In Nigeria For Today, Sunday, 21st August, 2022 https://t.co/H5KB0d1Cgy via @NaijaNews #NaijaNews",2022-08-21 17:16:08+00:00
297,1561401272938696704,"Latest Political News In Nigeria For Today, Sunday, 21st August,¬†2022 https://t.co/j2Ul3cFBFU",2022-08-21 17:14:07+00:00
298,1561401260355502081,"Latest Political News In Nigeria For Today, Sunday, 21st August,¬†2022 https://t.co/9TZ5kolUpL",2022-08-21 17:14:04+00:00
299,1561401248447954945,"Latest Political News In Nigeria For Today, Sunday, 21st August,¬†2022 https://t.co/6f5sWBh7zz",2022-08-21 17:14:01+00:00
300,1561401235739213833,"Latest Political News In Nigeria For Today, Sunday, 21st August,¬†2022 https://t.co/9j07pEBmux",2022-08-21 17:13:58+00:00
301,1561387653869834240,"Breaking News...
Electronic transmission of election results from polling units remains~~~INEC.
No changes, as against the fake news circulating.

Nigeria must be great again.@DokunOjomo @elegantjoy @von_Bismack https://t.co/6hL0VL7XlU",2022-08-21 16:20:00+00:00
302,1561383327248125952,"@inecnigeria These are many of Peter Obi‚Äôs supporters lies just like their candidate. 

His supporters are toxic,mischievous and doesn‚Äôt have the lost of the country at heart. As they‚Äôre only happy and spread any negative/fake news about Nigeria and become deaf and dumb to positive news.",2022-08-21 16:02:48+00:00
303,1561381415874445314,It‚Äôs confirmed this is a traditional morgue; @PoliceNG must issue a statement and public apology for fake news #Nigeria https://t.co/55FeGBxOw8,2022-08-21 15:55:13+00:00
304,1561370467365052417,@bulamabukarti So sad news my condolences to the family it may be a fake soldier. If not a real Nigeria soldier are out there defending the country.,2022-08-21 15:11:42+00:00
305,1561352601160937472,"Chidi Odinkalu = Fake News.

Woe unto the media Houses that give you platform to further divide Nigeria, because you're a man of unclean lips; for they, like you shall be consumed in the embers of disunity you're fanning. https://t.co/aAfnR9ZLzZ",2022-08-21 14:00:43+00:00
306,1561351995465908224,"@Nnaneya @emmansco2001 @Drealayomide @KemiOlunloyo I wonder how u guys just sit down and come up with fake news, Maersk still exist in Nigeria, Etisalat was bought over, Shoprite ownership changes they didnt leave Nigeria, Shell is still in Nigeria, what are the names of the 20 shipping companies?

U thrives with bad news!",2022-08-21 13:58:18+00:00
307,1561347136507334659,"@renoomokri @PeterObi What are u bringing to Nigeria nothing, rather than fake news and copy work",2022-08-21 13:39:00+00:00
308,1561329322299883520,"Increasingly curious of the impact that mid-term elections could have in Nigeria. Legislators would be forced to determine their own political futures, and there could also be quick 'report cards' for administrations https://t.co/BXRqWD2X19",2022-08-21 12:28:13+00:00
309,1561327983394185216,"@Possibilities84 @toshybaba @PeterPsquare In the first place that news was fake. Someone of his caliber should verify such before putting up on his media page. Let‚Äôs be positive about Nigeria for once, the world is reading",2022-08-21 12:22:53+00:00
310,1561320800044531713,"@PuliRAMBABU7 @Pi_NetworkIndia Stop spreading fake news. 

Pi Barter is only for China and Nigeria",2022-08-21 11:54:21+00:00
311,1561307812696825856,"@Ebu_kaa @ChuksRaph2020 @dayoisrael This is why Peter Obi can never be president of Nigeria not even after 2023, the Weevils supporters like you are already denting his political career. Threats+Insult+fake news+attacks+burn down+propaganda=Obedient",2022-08-21 11:02:44+00:00
312,1561305014227943431,"VIDEO: ‚ÄúA New Minority Political Party Will Be Lifted Up For A New Nigeria, But Pray Against Recounting‚Äù ‚Äî How Late Prophet TB Joshua Predicted Peter Obi‚Äôs Presidential¬†Future https://t.co/ShWtuVk4tj",2022-08-21 10:51:37+00:00
313,1561295856975896576,"@PiNetworkKyc This is not true. You people are the real enemies of Picommunity. You keep on spreading fake news with pi to make people loose trust in it.

Meanwhile if you are in Nigeria and wants to sell your pi lemme know",2022-08-21 10:15:14+00:00
314,1561293908478496768,@ugeee2 @WaleAkinola11 @SaharaReporters @sr It is not fake news. But negative news which u and ur gang celebrate about Nigeria.,2022-08-21 10:07:29+00:00
315,1561292618805518337,"@MobilePunch This is bad news ooooo, so they're planning on rigging and violence big time, Nigeria my country, this should better be fake news ooooo",2022-08-21 10:02:22+00:00
316,1561278027295870978,"Fake News Connoisseur 
This didn‚Äôt happen in Northern Nigeria 
This happened in Ghana 
You shouldn‚Äôt be the one sharing and amplifying fake news, Chidi https://t.co/5t3ZPRJ6Iq",2022-08-21 09:04:23+00:00
317,1561267235058057217,@kiki_Popeyes @ChidiOdinkalu And who told u this man is a labour party member besides we have clarified this as fake news and didn't happen in Nigeria.,2022-08-21 08:21:30+00:00
318,1561257984424120320,@iam_darmiebest @taiwoalabiho2 the way you supposedly learned people in Nigeria have surrendered your brain to fake news and your sense of rationality to mob action just for public validation is so disappointing but again none of it is surprising. education doesn‚Äôt cure stupidity.,2022-08-21 07:44:44+00:00
319,1561251730221940736,@KemiOlunloyo In all thes you are the most known carrier of fake news in Nigeria üá≥üá¨,2022-08-21 07:19:53+00:00
320,1561245681767038977,@NGRLabourParty @inecnigeria @inecnigeria will not try to collude elections 2023 manually. That's fake news. They won't be the ones to set Nigeria on fire,2022-08-21 06:55:51+00:00
321,1561232598818603009,@SylvesterObigba @tulsbaby @Okilo_Princeso @Jideadeyemoh @AjuriNgelale Ripples Nigeria!!! Fake news blog.,2022-08-21 06:03:52+00:00
322,1561214109986590720,Fake pastor office funniest nigeria comedy ‚Äì latest nigerian comedy 2020 |¬†BAKHTECH https://t.co/S2v26CfT4D,2022-08-21 04:50:24+00:00
323,1561122151545044992,"Latest Political News In Nigeria For Today, Sunday, 24th July, 2022 ‚Äì Naija¬†News https://t.co/yHwWXzOVk6",2022-08-20 22:44:59+00:00
324,1561100661944508416,@jek5712 @Girl_isBlessed @DocOmeiza You people  are preparing  ground to blame IPOB for the already  rigged 2023 election in Nigeria Ur so called Peter Obi is there  crying that  opposition parties are Blackmailing him with fake News while you people are  here chasing shadow leave IPOB alone face your campaign,2022-08-20 21:19:36+00:00
325,1561093996016939008,@Girl_isBlessed You people are preparing  ground to blame IPOB for the already  rigged 2023 election in Nigeria ..your so called Peter Obi is there  crying that  opposition parties are Blackmailing him with fake News ..while you people are here chasing shadow misplaciment of priority!!!,2022-08-20 20:53:07+00:00
326,1561090843070570496,"@dipoaina1 @PeterObi Agbado boy make una stop 2 Dey spread fake news, nobody attacked him..u hve no shame 2 even claim he s a pastor wen ur shaky shaky daddy hired dos dey kept in poverty 2 use nd play dere fake bishop role, it wil neva b wel fr u and ur likes dat has been supporting evil in Nigeria",2022-08-20 20:40:35+00:00
327,1561090104046759936,@KingSam09016221 @Girl_isBlessed They are preparing  ground to blame IPOB for the already  rigged 2023 election in Nigeria ..their so called Peter Obi is there  crying that  opposition parties are Blackmailing him with fake News ..while they are  here chasing shadow !!!,2022-08-20 20:37:39+00:00
328,1561088257332547584,"The Nigeria police should not worry about their salary as we the law abiding citizen are working to restore nomalcy to the area, we encourage the officer to disregard any fake news as everything is under control. They should not disturb the peace of the area, https://t.co/C9smuYWS7Q",2022-08-20 20:30:18+00:00
329,1561076865372418048,@CustomsNG All are fake world should not trust any news that come from Nigeria custom,2022-08-20 19:45:02+00:00
330,1561076830991417345,"@dubawaNG @franktochy @Qdpaper2
 Everyone  report this account for peddling fake news &amp; trying to incite a particular region!!. Nigeria is one!!!",2022-08-20 19:44:54+00:00
331,1561076478183456770,@dubawaNG @PeterObi @Qdpaper2 everybody report this account for peddling fake news!!! Trying to incite a particular region!!. Nigeria is one!,2022-08-20 19:43:30+00:00
332,1561070267224440832,@simon_ekpa No Nigeria media news carry this fake hired rally because it was fake news,2022-08-20 19:18:49+00:00
333,1561061343834378248,"@MoSmartBabe One place this govt failed is COMMUNICATION. National Orientation Agency is d3@d in Nigeria &amp; dat is why those influenzas had a foothold in spreading fake news. 
SM regulations is for everyone mental health but many sees it as barbaric.",2022-08-20 18:43:22+00:00
334,1561035328835788801,"@AhmardAli @PeterObi @CCSoludo keep spreading fake news while bokoharam are busy sI√£ughtering northerners like ch√≠ckens daily,Nobody is begging U to support or vote for Peter Obi.If u're enjoying the insecurities&amp; hardships in Nigeria,vote for Tinubu &amp; his t√´rr0rist running mate to continue frm Buhari's Legacy https://t.co/L95dxdpYGG",2022-08-20 16:59:59+00:00
335,1561013758125920257,"This is not Nigeria, stop fake news https://t.co/ZjOTuq1XJp",2022-08-20 15:34:16+00:00
336,1560998103141928966,Revoked licences: NBC‚Äôs decision will increase consumption of fake news ‚Äì CISLAC https://t.co/CIT8FLOyUx,2022-08-20 14:32:04+00:00
337,1560993429009694721,@YusfulTweets Take this down. This is footage of a festival in Ghana. This has nothing to do with Nigeria. Don't sully the #ObiDatti movement with fake news abeg.,2022-08-20 14:13:29+00:00
338,1560992562105552897,Revoked licences: NBC‚Äôs decision will increase consumption of fake news ‚Äì CISLAC https://t.co/O1qZWBTroC,2022-08-20 14:10:03+00:00
339,1560959149944471558,@Naija_PR Ahaaa nigeria fake news,2022-08-20 11:57:17+00:00
340,1560936421631959049,"Nigeria  Fake News Media must reap what you sow, They have been covering  up lies and reporting  propaganda and blackmail against the innocent people,  just for demanding their light.  because they have been heavily paid by the terrorist @MBuhari , https://t.co/dKzmGkPpJj",2022-08-20 10:26:58+00:00
341,1560926378836500480,"#APGov220 The #APComparativeGov vocab term ""post-materialism"" in Topic 3.4 of the CED threw lots of folks for a loop.

This article from @AP about Nigeria's Osun River connects political pressure to environmental concerns and addresses that topic.

https://t.co/ZDKdaY0Pm9",2022-08-20 09:47:03+00:00
342,1560924295412473859,"BREAKING NEWS üÖ∞Ô∏èüÖ±Ô∏èüé©
HOT TROUBLE FOR FAKE BUHARI IMPOSTOR AS NIGERIA ATTORNEYS ORDERS HIM TO RELEASE MAZI NNAMDI KANU IMMEDIATELY OR FACE REPERCUSSIONS",2022-08-20 09:38:47+00:00
343,1560923573644103681,"@njokuizuchukw11 @IjaogbomoA @alvan_opara @Bashirusalisul @Ballyvin @AzeezIshola15 @EIhegboro @EcheverriWilla @amaka__couragee PLEASE STOP WORKING FOR ENEMIES OF NIGERIA, BY SPREADING THEIR FAKE NEWS FOR THEM. https://t.co/EFLTMHNkQv",2022-08-20 09:35:55+00:00
344,1560904308559941633,"@seolowu120 @madeava_ @Nkemchor_ Well, We are used to ur fake news n d lies u spread.. Obi no get stain na y e dey pain una, n e go dey sweet us. Compared to the major 3 presidential candidates, Obi is a messiah n he will rescue Nigeria from d bottomless pit dat we have found ourselves in.",2022-08-20 08:19:22+00:00
345,1560892085531803651,"Latest Political News In Nigeria For Today, Friday, 19th August, 2022 https://t.co/XYi2hGhQLz",2022-08-20 07:30:47+00:00
346,1560871886757806080,"Latest Political News In Nigeria For Today, Friday, 20th August,¬†2022 https://t.co/kKB8EP1SXi",2022-08-20 06:10:32+00:00
347,1560870971770376194,"@NOA_Nigeria So you turn blind eye wen its in connection to a public office holder &amp; called it fake news. So i find it difficult to apprehend ur interest and concern.
Here's wat to do, Reform the police,cos there are the biggest threat to security &amp; peace of Citizens",2022-08-20 06:06:53+00:00
348,1560858238622568448,"@Swiss89779194 @Chisomuaga2 @SaharaReporters I was laughing at ppl saying that the dss will come out to debunked this news, tagging it fake is very obvious that's Nigeria FG Way's, that id!ot was saying my sister na thunder co üî• am, his a fat f00l.",2022-08-20 05:16:18+00:00
349,1560833748316442632,"@KoikiMedia This is fake news pls!
This is fake news pls!!
This is fake news pls!!!

I'm currently working and residing in UAE, these people you see in this video are stranded Nigerians in UAE WILLING to go back to Nigeria.",2022-08-20 03:38:59+00:00
350,1560810419979173888,"@TheRickWilson @Reddit It's more like censoring 50% of the population on social media to control what news people see and don't see... and silencing 50% of the people's opinions, and trying to put their political leader in prison so he can't run like something out if Nigeria.. that's not democracy",2022-08-20 02:06:17+00:00
351,1560755883310809093,"Journalism is Dead in Nigeria most of them are political Activists just like the Media in the US‚Ä¶ All Liars and Thieves (Rogues) . Tvc , Channels And sometimes Arise News Especially Reuben Abati and That‚Äôs unwise female British accent Analyst turned Activist..",2022-08-19 22:29:34+00:00
352,1560742814215987202,"Nigeria: Tinubu, Peter Obi in War of Words Over Fake News Allegations https://t.co/RMJcr6WPzB",2022-08-19 21:37:38+00:00
353,1560737640802041857,"Soludo lauds Anambra youths for exemplary political culture | The Guardian Nigeria News.
 ... (YESS) exhibited rare political support during his election in 2021. ... which Nigeria required to change the political culture that now ...
 https://t.co/iqoI5BHzjU",2022-08-19 21:17:05+00:00
354,1560722536685621256,"The Arewa Young Women Graduates Development Initiative (AYW_Grads) is inviting you to a scheduled Zoom Webinar Series (2 of 6). ‚ÄúNigeria Decides 2023‚Äù. 

Theme: *Surmount Challenges to Democracy: Fake News and Cash 4 Vote!*
Date: 20th August 2022 
Time: 10:30 Am Prompt. https://t.co/3VkdQl1GmG",2022-08-19 20:17:04+00:00
355,1560705699172290562,"@abati1990 Dr Abati, a card carrying member of PDP and a presenter on Arise TV that these ""overnight lovers"" of Nigeria always hype posting fake news! Lol",2022-08-19 19:10:09+00:00
356,1560688664782544903,"Latest Political News In Nigeria For Today, Friday, 19th August,¬†2022 https://t.co/bf2NxoB696",2022-08-19 18:02:28+00:00
357,1560688240696254465,"Welcome to the spherical-up of the newest political news in Nigeria, political gist, highlights of political occasio...
https://t.co/ke1Yiu8yx0",2022-08-19 18:00:47+00:00
358,1560683479993573378,"@channelstv And what happened to NTA and Radio Nigeria?

 Those ones always peddling fake news and notorious for govt sycophancy",2022-08-19 17:41:52+00:00
359,1560680770292924417,Soludo lauds Anambra youths for exemplary political culture | The Guardian Nigeria News - Nigeria and World News https://t.co/tmbwB3JPov,2022-08-19 17:31:06+00:00
360,1560677336885956608,Soludo lauds Anambra youths for exemplary political culture | The Guardian Nigeria¬†News https://t.co/wcX0s1qR89,2022-08-19 17:17:27+00:00
361,1560676574030094336,"Latest Political News In Nigeria For Today, Friday, 19th August,¬†2022 https://t.co/IHyaZw20jU",2022-08-19 17:14:25+00:00
362,1560676396720062464,"Latest Political News In Nigeria For Today, Friday, 19th August,¬†2022 https://t.co/Wr0NOMsn5S",2022-08-19 17:13:43+00:00
363,1560675973422403585,"Latest Political News In Nigeria For Today, Friday, 19th August, 2022 https://t.co/ndQ86T0gwX via @NaijaNews #NaijaNews",2022-08-19 17:12:02+00:00
364,1560674300759343104,"Latest Political News In Nigeria For Today, Friday, 19th August,¬†2022 https://t.co/OLOhW7NNnd",2022-08-19 17:05:23+00:00
365,1560674289749266435,"Latest Political News In Nigeria For Today, Friday, 19th August,¬†2022 https://t.co/9XZBuckWe1",2022-08-19 17:05:21+00:00
366,1560674277329965057,"Latest Political News In Nigeria For Today, Friday, 19th August,¬†2022 https://t.co/89FnJStVQR",2022-08-19 17:05:18+00:00
367,1560674262721220609,"Latest Political News In Nigeria For Today, Friday, 19th August,¬†2022 https://t.co/bX9Dna2Iv2",2022-08-19 17:05:14+00:00
368,1560664975856771072,"Latest Political News In Nigeria For Today, Friday, 22nd July, 2022 ‚Äì Naija¬†News https://t.co/sex00BrKF0",2022-08-19 16:28:20+00:00
369,1560647621819043840,"Angola:""Here‚Äôs Why Oil-Rich Angola is Ripe for Political Change""
""The country churns out 1.2 million barrels of crude a day, making it Africa‚Äôs second-biggest producer after Nigeria, yet about half of its 33 million people live on less than $2 a day.""
https://t.co/TZ9bWa11Ea https://t.co/bJCz9McXme",2022-08-19 15:19:23+00:00
370,1560646733201391623,"Angola:""Here‚Äôs Why Oil-Rich Angola is Ripe for Political Change""
""The country churns out 1.2 million barrels of crude a day, making it Africa‚Äôs second-biggest producer after Nigeria, yet about half of its 33 million people live on less than $2 a day.""
https://t.co/TZ9bW9JqMC",2022-08-19 15:15:51+00:00
371,1560646573662535680,"Angola:""Here‚Äôs Why Oil-Rich Angola is Ripe for Political Change""
""The country churns out 1.2 million barrels of crude a day, making it Africa‚Äôs second-biggest producer after Nigeria, yet about half of its 33 million people live on less than $2 a day.""
https://t.co/TZ9bW9JqMC https://t.co/qq0gClDnFJ",2022-08-19 15:15:13+00:00
372,1560642489551241218,@adeyanjudeji IPOB Terrorist are masters of spreading fake news and insults in Nigeria.,2022-08-19 14:58:59+00:00
373,1560637644261822464,@OvieNews This guy is a fake news carrier. Where in Lagos and what‚Äôs the name of the products? You are really working for the zoological Republic of Nigeria agent of lies I want to weigh you and Lia Muhammad,2022-08-19 14:39:44+00:00
374,1560630144787574784,Please we need to take this issues of fake news seriously in Nigeria before it turn the country into a war zone. The NBC needs to wake up. @NGRPresident @MBuhari @ProfOsinbajo,2022-08-19 14:09:56+00:00
375,1560628923309834240,"@henryagbaje1 @Aabidahzo @PeterObi Law should be pass by spreading of fake news because ppl@like u should have been fined for fake news.What do u av to say about agbado old and sick person u re supporting to preside over sock country like Nigeria,An old man that supposed to be with his grandchildren and tk care of",2022-08-19 14:05:05+00:00
376,1560621089868247040,@KemiOlunloyo @ARISEtv @2222MediaSchool Was the minister sleeping when she confirmed that the news or you didn't watch the minister when she represented FG Nigeria confirming the incident ? Why didn't they call it fake news then or are u now the new spokes woman to FG,2022-08-19 13:33:57+00:00
377,1560590142280286208,@ObiDavidson Like you don't know there have been more fake news than real news in Nigeria?,2022-08-19 11:30:58+00:00
378,1560589013395857408,"@scarfizal From that tweet Nigeria's total export was $18.9trillion as at 2021.
Nigeria's exchange at that time was what?
‚Ç¶650 per dollar.
$18.9tn √∑ 650 is less than 30billion naira.

Continue spreading fake news.
Everything you just posted are all lies..üòèüòèüòè
#PeterObi4President https://t.co/57KdO9lbms",2022-08-19 11:26:29+00:00
379,1560587861509955584,By Monday they will debunk it n say it's fake news. Unfortunate lots. May Buhari n APC neva happen in Nigeria again ever. https://t.co/t5cL2AebPH,2022-08-19 11:21:55+00:00
380,1560585101997510659,"@Bash26308769 @Google_12point7 @Unekzzy_0077 @olusogaowoeye It's not fake news and I didn't ask for images, be wise.

The photos aren't from that operation and they aren't from Nigeria. Please have some common sense.",2022-08-19 11:10:57+00:00
381,1560580504050597888,"@Nhartmirah1 @KemiOlunloyo Just as NOTHING is working in Nigeria so is NOTHING working for her. Her self claimed journalist self I no see anything wey she dey journal there, just abuse, false self acclaim, arshy, fake news without proof, and the likes is wat she's known of. Nobody takes her serious again o",2022-08-19 10:52:41+00:00
382,1560571252602855424,"@imperialking10 @firstladyship Stop comparing Nigeria to America , I agreed that our leaders has failed us , but let's face the reality so that the country can move forward.fake news bcos of politics cant lead us to anywhere.",2022-08-19 10:15:55+00:00
383,1560569027289686017,"@brownawala @firstladyship Even when there's no negative news to spread, these people are on the look out to share fake news happening in other countries and they will say its in Nigeria.",2022-08-19 10:07:04+00:00
384,1560567853991923714,"@KemiOlunloyo @ARISEtv @2222MediaSchool Foolish woman ,claims to be investigative journalism my https://t.co/1VHWq69pe4 clearly shows this woman don‚Äôt want of Nigeria and that she wants people to be mentally shameless like her.bringing fake news and lies ,ogun kill you there",2022-08-19 10:02:24+00:00
385,1560566506584285184,"FG uncovers 195 fake universities, colleges of education in Nigeria ‚Äì Adamu  https://t.co/7pZFIz1XQt",2022-08-19 09:57:03+00:00
386,1560566375646724096,"FG uncovers 195 fake universities, colleges of education in Nigeria ‚Äì Adamu  https://t.co/1kt2Pk2aY3",2022-08-19 09:56:32+00:00
387,1560556204606517252,"@channelstv One day, I will be president in Nigeria insha Allah, and I will not tolerate all this fake news",2022-08-19 09:16:07+00:00
388,1560545403564613633,"@OvieNews Fake news,I don't understand why people jump to discredit Igbo people,like is it a crime to be an Igbo person in Nigeria?",2022-08-19 08:33:12+00:00
389,1560536578489032704,@KemiOlunloyo @ARISEtv @2222MediaSchool üòÇüòÇüòÇ so tell us that the receipts were also fake. Mumu. When Nigeria govt accepted that news you were not in town or na today govt begin lie. Yeye de worry u,2022-08-19 07:58:08+00:00
390,1560529973714247680,Fake news from pit of hell Nigeria https://t.co/TIzEuPK7pr,2022-08-19 07:31:53+00:00
391,1560529602832990209,"Latest Political News In Nigeria For Today, Thursday, 18th August, 2022 https://t.co/3ChFzG9kOf",2022-08-19 07:30:25+00:00
392,1560526206491148289,@TheNationNews For me not to be Reading a bias report and unjustified claims I gonna unfollow those who claims to be a NATION Nigeria because they can plug the Nation into Chios and pandemonium with their fake news.,2022-08-19 07:16:55+00:00
393,1560520997782142983,"FAKE NEWS LIES AND BLACKMAIL @BBCAfrica machine is disappointed that #IPOB expose their evil against INDIGENOUS PEOPLE trapped in the zoo called Nigeria. #thisIsnot1967 we will continue to expose you guys.

#freedom #BiafraExit #EndSARS  #freeBiafrans #ReferendumNOW not WAR #ESN https://t.co/3Kp1bMCpbY",2022-08-19 06:56:13+00:00
394,1560519052707102721,"@Vitalis_Anumnu @iamchinedunwosu We re not one Nigeria according ur ppl cos I can remember vividly, eight  month ago ,u all shouting Biafra or nothing , spreading fake news ,calling Nigeria a zoo, calling Fulani a cow and remember that ur obi was in PDP then , now that he left PDP to labour , story change",2022-08-19 06:48:29+00:00
395,1560514908160245760,"All INDIGENOUS PEOPLE trapped in the zoo called Nigeria must rise up Now to defend themselves against UK GOV fake news BBC Africa and FULANI forigne Terrorists especially INDIGENOUS PEOPLE of HAWUSA. #thisIsnot1967 be wise.

#ENDSARS #EndNigeriaNow #freedom #STOPTHEKILLING https://t.co/mC2rrex2mK",2022-08-19 06:32:01+00:00
396,1560503475821322241,"NACCIMA tasks political leaders on business environment, policies | The Guardian Nigeria¬†News https://t.co/OZeHMZPVPV",2022-08-19 05:46:36+00:00
397,1560501081259380737,"@firstladyship What is happening in Nigeria is mind games, if you are not strong enough you will follow the fake news thinking you are in the right track. Nigeria is a game camp. An experimental lab",2022-08-19 05:37:05+00:00
398,1560499755708555264,"@KemiOlunloyo @ARISEtv @2222MediaSchool The guy broke the news, the govt of Nigeria through different spokepersons confirmed and defended the action. APC crooks online also defended the action. Now Niger republic is saying they received no such donation? It it fake News or a case of corruption?",2022-08-19 05:31:49+00:00
399,1560494115296579586,"Brain resetting fake news!

That Nigeria will happen to you if you live in Nigeria is not a matter of if but when.

If you like continue to support nonsense. 

Obasanjo Naira Cryptocurrency MI Abaga Wizkid NIGER BRIDGE
Welcome to Manchester United DUNCAN MIGHTY https://t.co/JKpnrMEfRh",2022-08-19 05:09:24+00:00
400,1560477419353653249,"OkunlolaO: Latest Political News In Nigeria For Today, Thursday, 18th August,¬†2022 https://t.co/bpGyjnf1E0",2022-08-19 04:03:03+00:00
401,1560474059741093889,@vanguardngrnews FAKE NEWS FROM THE NIGERIA GOVERNMENT TO DECEIVE YOUTH INTO ADOPTING THIS FAKE APP THEY WANT TO USE TO TRACK AND TRAP YOUTHS FINANCES.....I LAUGHED üòÖIN NIGER REPUBLIC üêµüö∂üö∂,2022-08-19 03:49:42+00:00
402,1560469087519739904,"@ASUU_NIG_ You like determination of fake news, abeg let nigeria students rest now",2022-08-19 03:29:57+00:00
403,1560463646718775296,"Latest Political News In Nigeria For Today, Thursday, 18th August,¬†2022 https://t.co/UTQyenxMBg",2022-08-19 03:08:20+00:00
404,1560450750865674246,"2023 Election: Peter Obi Accuses Tinubu Of Disseminating Fake News Against Labour Party.
 The presidential candidate of the Labour Party for the 2023 election, ... Nigeria's voting population, who desire credible leadership change.‚Äù.
 https://t.co/tMTCOZkBSv",2022-08-19 02:17:05+00:00
405,1560444864071962624,"This is soo true. While #Obidients are concerned with discussing Peter Obi's record and his desire to reverse the difficult situation in Nigeria, the opposition parties are threatened by Obi's popularity and have resorted to throwing stones.  https://t.co/npnbvQQs50",2022-08-19 01:53:41+00:00
406,1560378975817531397,"10. ‚Ä¶required to forge consensus and make the difficult trade-offs required to advance this nation - Nigeria. But we must always start with that shared tie rather than with intolerance and hatred.

So, I beg of us to shun the politics of calumny, fake news and smear campaigns",2022-08-18 21:31:52+00:00
407,1560378634610917381,@9jafrica There‚Äôs no rail line from Nigeria to Niger Republic. Stop chasing clout with fake news.,2022-08-18 21:30:31+00:00
408,1560365633887420416,"Latest Political News In Nigeria For Today, Thursday, 18th August,¬†2022 https://t.co/sCTh25DBYe",2022-08-18 20:38:51+00:00
409,1560361847383015431,"@FS_Yusuf_ You can not win with fake News. This is the next President of the Federal Republic of Nigeria, his name is Asiwaju Bola Ahmed Tinubu by the grace of God https://t.co/zHaqDk0EZ1",2022-08-18 20:23:49+00:00
